{"posts":{"items":[{"id":"6","fileName":"die-app.html","name":"die-app","publicUrl":"np://user.desktop.nicepage.com/Site_96169607/blog/die-app.html","size":5396,"title":"Die APP","created":1726380408793,"updated":1760949031888,"featured":"FullSizeRender6.JPEG","excerpt":"Das Herz von Bilaltoday(.com). Sie bietet zahlreiche Möglichkeiten und Vorteile zur nutzen von Bilaltoday. Darunter gehört:Die neuen ToolsChatsPostsMehr erfährst du direkt in der APP!","translations":{"de":{"excerpt":"Das Herz von Bilaltoday(.com). Sie bietet zahlreiche Möglichkeiten und Vorteile zur nutzen von Bilaltoday. Darunter gehört:Die neuen ToolsChatsPostsMehr erfährst du direkt in der APP!"}}},{"id":"1","fileName":"design-that-speaks.html","name":"design-that-speaks","publicUrl":"np://user.desktop.nicepage.com/Site_96169607/blog/design-that-speaks.html","size":5575,"title":"Design That Speaks","created":1726380408748,"updated":1748366024006,"featured":"/images/advertising-street-poster-mockup.jpg","excerpt":"Great design is more than just aesthetics — it’s about communication. In this post, I’ll explore how visual elements like color, typography, and layout can tell a compelling story without a single word. Whether you're building a landing page or a brand id..."},{"id":"2","fileName":"freelance-freedom.html","name":"freelance-freedom","publicUrl":"np://user.desktop.nicepage.com/Site_96169607/blog/freelance-freedom.html","size":5890,"title":"Freelance Freedom","created":1726380408760,"updated":1748366156758,"featured":"/images/4672374.jpg","excerpt":"What I Learned in My First Year as a Solo DesignerStepping into the freelance world was equal parts exciting and overwhelming. From client management to time tracking (and learning to say no), my first year taught me lessons that no design school ever cou..."},{"id":"4","fileName":"bilaltoday-com.html","name":"bilaltoday-com","publicUrl":"np://user.desktop.nicepage.com/Site_96169607/blog/bilaltoday-com.html","size":5402,"title":"Bilaltoday.com","created":1726380408776,"updated":1760948833523,"featured":"FullSizeRender5.JPEG","excerpt":"Unsere neue Webseite ist die Heimat von Bilaltoday. Mit unserer neuen Adresse die jetzt viel mehr vereinfacht wurde lautet: Bilaltoday.com und it daamit wie ein echtes Unternehmen geworden.","translations":{"de":{"excerpt":"Unsere neue Webseite ist die Heimat von Bilaltoday. Mit unserer neuen Adresse die jetzt viel mehr vereinfacht wurde lautet: Bilaltoday.com und it daamit wie ein echtes Unternehmen geworden."}}},{"id":"3","fileName":"pixels-with-purpose.html","name":"pixels-with-purpose","publicUrl":"np://user.desktop.nicepage.com/Site_96169607/blog/pixels-with-purpose.html","size":5535,"title":"Pixels with Purpose","created":1726380408769,"updated":1748366251162,"featured":"/images/rtrr9.jpg","excerpt":"Balancing Aesthetics and Function in Web DesignPretty websites are everywhere, but effective ones? That’s the real challenge. In this article, I break down how I combine visual appeal with usability — creating designs that not only look good but also conv..."},{"id":"5","fileName":"warum-btoday.html","name":"warum-btoday","publicUrl":"np://user.desktop.nicepage.com/Site_96169607/blog/warum-btoday.html","size":5363,"title":"Warum BToday?","created":1726380408785,"updated":1760949288783,"featured":"/images/57335.jpg","excerpt":"Bilaltoday(.com) ist derzeit der beste und auch einzigster komplett kostenloser Anbieter für alles was du brauchst. Wie z.B. Chats/Tools/usw. Alles möglich in der APP.","translations":{"de":{"excerpt":"Bilaltoday(.com) ist derzeit der beste und auch einzigster komplett kostenloser Anbieter für alles was du brauchst. Wie z.B. Chats/Tools/usw. Alles möglich in der APP."}}}]},"categories":[{"id":"2","title":"Travel","categoryId":null,"created":1760945779523,"updated":1760945779523,"translations":{"en":{"title":"Travel"}}}]}